num_agents,stag_success_threshold,liar_share,honest_original_stag_rate,intended_success,public_success,flip_induced_loss,shared_failure,n_models,n_cells,honest_original_stag_rate_low,honest_original_stag_rate_high,intended_success_low,intended_success_high,public_success_low,public_success_high,flip_induced_loss_low,flip_induced_loss_high,shared_failure_low,shared_failure_high
2,1,0.0,0.9880952380952381,0.9920634920634921,0.9920634920634921,0.0,0.007936507936507936,7,21,0.9523809523809523,1.0,0.9682539682539683,1.0,0.9682539682539683,1.0,0.0,0.0,0.0,0.031746031746031744
2,1,0.5,0.9880952380952381,1.0,0.9880952380952381,0.011904761904761904,0.0,7,21,0.9523809523809523,1.0,1.0,1.0,0.9523809523809523,1.0,0.0,0.047619047619047616,0.0,0.0
2,2,0.0,0.9166666666666666,0.8928571428571429,0.8928571428571429,0.0,0.10714285714285714,7,21,0.7738095238095237,1.0,0.7258928571428571,1.0,0.7258928571428571,1.0,0.0,0.0,0.0,0.27410714285714255
2,2,0.5,0.634920634920635,0.5833333333333333,0.05158730158730158,0.5833333333333333,0.36507936507936506,7,21,0.46031746031746035,0.7857142857142858,0.38095238095238093,0.7741071428571427,0.0,0.13105158730158722,0.38095238095238093,0.7741071428571427,0.21428571428571425,0.5396825396825397
3,1,0.3333333333333333,0.9682539682539683,1.0,0.9761904761904762,0.023809523809523808,0.0,7,21,0.888888888888889,1.0,1.0,1.0,0.9047619047619048,1.0,0.0,0.09523809523809523,0.0,0.0
3,1,0.6666666666666666,0.9880952380952381,0.9880952380952381,1.0,0.0,0.0,7,21,0.9523809523809523,1.0,0.9523809523809523,1.0,1.0,1.0,0.0,0.0,0.0,0.0
3,2,0.3333333333333333,0.8809523809523808,0.9007936507936508,0.861111111111111,0.03968253968253967,0.0992063492063492,7,21,0.75,0.9841269841269842,0.7698412698412699,1.0,0.7261904761904762,0.9761904761904762,0.0,0.1349206349206349,0.0,0.23015873015873015
3,2,0.6666666666666666,0.619047619047619,0.7658730158730158,0.25793650793650796,0.5357142857142857,0.20634920634920634,7,21,0.44841269841269843,0.7777777777777778,0.6626984126984128,0.8730158730158728,0.10714285714285714,0.43263888888888874,0.3848214285714286,0.6904761904761905,0.09910714285714285,0.31349206349206343
3,3,0.3333333333333333,0.42658730158730157,0.3373015873015873,0.05952380952380953,0.3373015873015873,0.6031746031746031,7,21,0.21423611111111107,0.634920634920635,0.1587301587301587,0.5397817460317459,0.0,0.21458333333333304,0.1587301587301587,0.5397817460317459,0.38482142857142854,0.8214285714285713
3,3,0.6666666666666666,0.41666666666666663,0.14285714285714285,0.0,0.14285714285714285,0.8571428571428571,7,21,0.17857142857142858,0.6547619047619048,0.0,0.38124999999999976,0.0,0.0,0.0,0.38124999999999976,0.6187499999999999,1.0
5,1,0.2,0.9603174603174603,0.996031746031746,0.9880952380952381,0.011904761904761904,0.0,7,21,0.8649801587301587,1.0,0.9841269841269842,1.0,0.9523809523809523,1.0,0.0,0.047619047619047616,0.0,0.0
5,1,0.4,0.9523809523809523,1.0,0.9841269841269842,0.015873015873015872,0.0,7,21,0.843915343915344,1.0,1.0,1.0,0.9365079365079365,1.0,0.0,0.06349206349206349,0.0,0.0
5,1,0.6,0.9226190476190477,0.9880952380952381,1.0,0.0,0.0,7,21,0.7916666666666666,1.0,0.9523809523809524,1.0,1.0,1.0,0.0,0.0,0.0,0.0
5,1,0.8,0.9007936507936508,1.0,0.9523809523809524,0.047619047619047616,0.0,7,21,0.6865079365079365,1.0,1.0,1.0,0.8095238095238094,1.0,0.0,0.19047619047619047,0.0,0.0
5,2,0.2,0.9652777777777778,1.0,0.9761904761904762,0.023809523809523808,0.0,7,21,0.8908234126984127,1.0,1.0,1.0,0.9047619047619048,1.0,0.0,0.09523809523809523,0.0,0.0
5,2,0.4,0.9761904761904762,1.0,1.0,0.0,0.0,7,21,0.9126984126984128,1.0,1.0,1.0,1.0,1.0,0.0,0.0,0.0,0.0
5,2,0.6,0.9761904761904763,1.0,1.0,0.0,0.0,7,21,0.9401785714285714,1.0,1.0,1.0,1.0,1.0,0.0,0.0,0.0,0.0
5,2,0.8,0.7301587301587301,0.9880952380952381,0.38492063492063494,0.615079365079365,0.0,7,21,0.5594246031746031,0.8730158730158731,0.9523809523809524,1.0,0.1943452380952381,0.5754960317460316,0.42450396825396824,0.8056547619047618,0.0,0.0
5,3,0.2,0.9632936507936509,0.9722222222222222,0.9722222222222222,0.0,0.027777777777777773,7,21,0.9077380952380951,1.0,0.9246031746031745,1.0,0.9246031746031745,1.0,0.0,0.0,0.0,0.07539682539682539
5,3,0.4,0.835978835978836,0.8690476190476192,0.7896825396825397,0.08333333333333334,0.12698412698412698,7,21,0.7103174603174603,0.9523809523809524,0.7261904761904762,0.9761904761904763,0.6269841269841271,0.9523809523809523,0.0,0.27380952380952384,0.023809523809523808,0.2619047619047619
5,3,0.6,0.6448412698412698,0.8412698412698413,0.26587301587301587,0.611111111111111,0.12301587301587301,7,21,0.5297619047619048,0.7619543650793651,0.7063492063492064,0.9524801587301587,0.13492063492063494,0.4287698412698411,0.41666666666666663,0.7857142857142857,0.023710317460317466,0.2619047619047619
5,3,0.8,0.5158730158730159,0.7777777777777778,0.12301587301587302,0.6587301587301587,0.21825396825396828,7,21,0.36111111111111116,0.6785714285714286,0.6626984126984128,0.8929563492063491,0.007936507936507936,0.3016865079365078,0.4918650793650794,0.8015873015873016,0.10317460317460317,0.33730158730158727
5,4,0.2,0.7172619047619049,0.7063492063492064,0.6626984126984127,0.05555555555555556,0.28174603174603174,7,21,0.44925595238095234,0.9465773809523808,0.41269841269841273,0.9444444444444444,0.38095238095238093,0.9285714285714286,0.0,0.21428571428571425,0.047619047619047616,0.563690476190476
5,4,0.4,0.5158730158730159,0.5634920634920635,0.047619047619047616,0.5158730158730159,0.43650793650793646,7,21,0.4113425925925926,0.6150793650793649,0.4047619047619047,0.7223214285714284,0.0,0.09553571428571403,0.337202380952381,0.6904761904761905,0.2776785714285714,0.5952380952380952
5,4,0.6,0.5436507936507936,0.3174603174603175,0.015873015873015872,0.3174603174603175,0.6666666666666666,7,21,0.3769345238095238,0.7084821428571427,0.10694444444444445,0.5476190476190476,0.0,0.05158730158730158,0.10694444444444445,0.5476190476190476,0.4523809523809524,0.869047619047619
5,4,0.8,0.5277777777777778,0.15079365079365079,0.011904761904761904,0.15079365079365079,0.8373015873015872,7,21,0.34910714285714284,0.7024801587301587,0.0,0.3453373015873015,0.0,0.047619047619047616,0.0,0.3453373015873015,0.6387896825396824,1.0
